{
    "Version": "2012-10-17",
    "Statement": [
        {
            "Effect": "Allow",
            "Action": [
                "ec2:DescribeSecurityGroups",
                "ec2:RevokeSecurityGroupIngress",
                "ec2:DescribeTags"
            ],
            "Resource": "*",
            "Condition": {
                "StringEquals": {
                    "aws:RequestedRegion": "us-west-2"
                },
                "NumericLessThan": {
                    "aws:MultiFactorAuthAge": "14400"
                }
            }
        }
    ]
}