{
    "Version": "2012-10-17",
    "Statement": [
        {
            "Sid": "VisualEditor0",
            "Effect": "Allow",
            "Action": [
				"pricing:*",
				"ssm:*"
			],
            "Resource": "*",
            "Condition": {
                "StringEquals": {
                    "aws:RequestedRegion": "us-west-2"
                },
                "NumericLessThan": {
                    "aws:MultiFactorAuthAge": "14400"
                }
            }
        },
        {
            "Sid": "CustomEditor1",
            "Effect": "Allow",
            "Action": "cloudwatch:*",
            "Resource": [
                "arn:aws:cloudwatch::*:dashboard/*",
                "arn:aws:cloudwatch:*:*:insight-rule/*",
                "arn:aws:cloudwatch:*:*:alarm:*"
            ],
            "Condition": {
                "StringEquals": {
                    "aws:RequestedRegion": "us-east-1"
                },
                "NumericLessThan": {
                    "aws:MultiFactorAuthAge": "14400"
                }
            }
        },
		{
            "Sid": "VisualEditor2",
            "Effect": "Allow",
            "Action": "aws-portal:*",
            "Resource": "*",
            "Condition": {
                "StringEquals": {
                    "aws:RequestedRegion": "us-west-2"
                },
                "NumericLessThan": {
                    "aws:MultiFactorAuthAge": "14400"
                }
            }
        }
	]
}