{
    "Version": "2012-10-17",
    "Statement": [
        {
            "Sid": "AWSConfigBucketPermissionsCheck",
            "Effect": "Allow",
            "Principal": {
                "Service": "config.amazonaws.com"
            },
            "Action": "s3:GetBucketAcl",
            "Resource": "arn:aws:s3:::config-bucket-{accountid}"
        },
        {
            "Sid": "AWSConfigBucketDelivery",
            "Effect": "Allow",
            "Principal": {
                "Service": "config.amazonaws.com"
            },
            "Action": "s3:PutObject",
            "Resource": "arn:aws:s3:::config-bucket-{accountid}/AWSLogs/{accountid}/Config/*",
            "Condition": {
                "StringEquals": {
                    "s3:x-amz-acl": "bucket-owner-full-control"
                }
            }
        }
    ]
}